<?xml version="1.0" encoding="ISO-8859-1"?>
<PAGE>
  <DEFINITION>
    <TITLE>Configura��o do WISearch</TITLE>
    <SECURITY>OFF</SECURITY>
    <MIME>html</MIME>
    <NOLOGIN>OFF</NOLOGIN>
    <BROWSERCACHE>OFF</BROWSERCACHE>
    <SYSPAGE>OFF</SYSPAGE>
  </DEFINITION>
  <POSPAGE>
    <INDEX>
      <CONNECTORS SEQ="1" />
    </INDEX>
    <CONNECTORS>
      <CONNECTOR SEQ="1">
        <CONDITION>true</CONDITION>
        <DESCRIPTION>Conector Java br.com.itx.modules.search.WIIndexer</DESCRIPTION>
        <CLASSNAME>br.com.itx.modules.search.WIIndexer</CLASSNAME>
      </CONNECTOR>
    </CONNECTORS>
  </POSPAGE>
</PAGE>

