<?xml version="1.0" encoding="ISO-8859-1"?>
<PAGE>
  <DEFINITION>
    <TITLE>P�gina indice</TITLE>
    <SECURITY>OFF</SECURITY>
    <MIME>html</MIME>
    <NOLOGIN>OFF</NOLOGIN>
    <BROWSERCACHE>OFF</BROWSERCACHE>
    <SYSPAGE>OFF</SYSPAGE>
  </DEFINITION>
  <PREPAGE>
    <INDEX>
      <SETS SEQ="1" />
      <CONNECTORS SEQ="2" />
    </INDEX>
    <SETS>
      <SET SEQ="1">
        <DESCRIPTION>Gravar tmp.conteudo</DESCRIPTION>
        <CONDITION>true</CONDITION>
        <WIOBJ>tmp.conteudo</WIOBJ>
        <IFTRUE>teste &#xD;
1234&#xD;
 kjaf dslj sldfjk aslkfdj alskjfd lkasjfdl ajs fkljsa df&#xD;
a sfj laskjf lsakjd flkasjfd las&#xD;
&#xD;
234&#xD;
&#xD;
&#xD;
sdfj slfj sf ;sdfjs</IFTRUE>
      </SET>
    </SETS>
    <CONNECTORS>
      <CONNECTOR SEQ="2">
        <CONDITION>true</CONDITION>
        <DESCRIPTION>WISearch - Marcador (wisearch-plugins)</DESCRIPTION>
        <PLUGIN>Highlighter</PLUGIN>
        <NAMESPACE>wisearch-plugins</NAMESPACE>
        <CLASSNAME>br.com.itx.modules.search.WIHighlighter</CLASSNAME>
        <INPREPAGE>ON</INPREPAGE>
        <PARAMETERS>
          <PARAMETER ID="tmp.content" VALUE="|tmp.conteudo|" />
          <PARAMETER ID="tmp.search.query" VALUE="234 ajs " />
        </PARAMETERS>
      </CONNECTOR>
    </CONNECTORS>
  </PREPAGE>
</PAGE>

