<?xml version="1.0" encoding="ISO-8859-1"?>
<PAGE>
  <DEFINITION>
    <TITLE>P�gina pesquisa</TITLE>
    <SECURITY>OFF</SECURITY>
    <MIME>html</MIME>
    <NOLOGIN>OFF</NOLOGIN>
    <BROWSERCACHE>OFF</BROWSERCACHE>
    <SYSPAGE>OFF</SYSPAGE>
  </DEFINITION>
  <PREPAGE>
    <INDEX>
      <JAVAGRIDS SEQ="1" />
    </INDEX>
    <JAVAGRIDS>
      <JAVAGRID SEQ="1">
        <CONDITION>true</CONDITION>
        <DESCRIPTION>Grid Java: resultadoPesquisa</DESCRIPTION>
        <CLASSNAME>br.com.itx.modules.search.SearchGrid</CLASSNAME>
        <GRIDID>resultadoPesquisa</GRIDID>
        <PARAMETERS />
      </JAVAGRID>
    </JAVAGRIDS>
  </PREPAGE>
</PAGE>

