<?xml version="1.0" encoding="ISO-8859-1"?>
<PAGE>
  <DEFINITION>
    <TITLE>P�gina visualizar</TITLE>
    <SECURITY>OFF</SECURITY>
    <MIME>html</MIME>
    <NOLOGIN>OFF</NOLOGIN>
    <BROWSERCACHE>OFF</BROWSERCACHE>
    <SYSPAGE>OFF</SYSPAGE>
  </DEFINITION>
  <PREPAGE>
    <INDEX>
      <DOWNLOADREFS SEQ="1" />
    </INDEX>
    <DOWNLOADREFS>
      <DOWNLOADREF SEQ="1">
        <CONDITION>true</CONDITION>
        <DOWNLOADID>down_Arquivo</DOWNLOADID>
        <TYPE>LOCAL</TYPE>
      </DOWNLOADREF>
    </DOWNLOADREFS>
  </PREPAGE>
</PAGE>

